municipio;población_2010;superficie_(km);densidad_hab/km;población_2022;superficie_(km)2;densidad_hab/km2;%_pobl_urb_1991;%_pobl_urb_2001;%_pobl_urb_2010;%_pobl_urb_2022
25 de Mayo;35842;4769,45;7,5;35563;4769,45;7,5;70,1;76,3;77,9;82
9 de Julio;47722;4284,05;11,1;52607;4284,05;12,3;74,7;80,2;82,1;86
Adolfo Alsina;17072;5877,86;2,9;17552;5877,86;3;64,1;71,4;75,4;74,7
Adolfo Gonzales Chaves;12047;3859,16;3,1;12914;3859,16;3,3;68,6;71,6;75,3;76,2
Alberti;10654;1124,98;9,5;12982;1124,98;11,5;70,2;72,2;77,5;71,7
Almirante Brown;552902;129,33;4275,1;584827;129,33;4523;99,6;99,8;99,9;100
Arrecifes;29044;1240,67;23,4;32215;1240,67;26;85,4;89,2;90,9;94,8
Avellaneda;342677;52,48;6529,7;367554;52,48;7001;100;100;100;100
Ayacucho;20337;6748,9;3;21977;6748,9;3,3;75,9;83,6;85,4;86,9
Azul;65280;6540,25;10;75905;6540,25;11,6;88,2;94,2;94,6;96,1
Bahía Blanca;301572;2247,49;134,2;336574;2247,49;149,8;98,5;99,4;99,5;99,7
Balcarce;43823;4115,27;10,6;48982;4115,27;11,9;77,2;83,6;87,6;91,5
Baradero;32761;1591,87;20,6;40002;1591,87;25,1;83,1;84,2;87,1;90,2
Benito Juárez;20239;5071,94;4;22292;5071,94;4,4;77,2;81,7;83,8;89,7
Berazategui;324244;221,01;1467,1;358712;221,01;1623,1;99,7;99,6;100;100
Berisso;88470;137,59;643;100930;137,59;733,5;97,7;98,6;99,1;99,3
Bolívar;34190;4912,16;7;37594;4912,16;7,7;79,5;82;84,5;85
Bragado;41336;2211,87;18,7;46504;2211,87;21;86,7;87,2;86,4;90,4
Brandsen;26367;1126,02;23,4;32448;1126,02;28,8;70,3;83,8;84,9;84,3
Campana;94461;954,54;99;110566;954,54;115,8;95,5;95,8;94,1;96,5
Cañuelas;51892;1190,11;43,6;70684;1190,11;59,4;69,6;85,9;87,4;91,5
Capitán Sarmiento;14494;548,89;26,4;15965;548,89;29,1;84,6;88;90,3;93,7
Carlos Casares;22237;2520,39;8,8;23100;2520,39;9,2;75,5;81,2;82,5;84,7
Carlos Tejedor;11570;3910,74;3;14079;3910,74;3,6;62,3;70,4;72,4;76,2
Carmen de Areco;14692;1061,31;13,8;17499;1061,31;16,5;76,2;85,8;87;91,7
Castelli;8205;2063,19;4;9594;2063,19;4,7;73,7;81,5;83,6;83,1
Chacabuco;48703;2287,38;21,3;52731;2287,38;23,1;75,1;81,7;83,2;88,6
Chascomús;42277;4163,19;10,2;42452;3127,8;13,6;82,5;90;90,5;94,7
Chivilcoy;64185;2057,09;31,2;70839;2057,09;34,4;82,9;90,8;93,9;96,4
Colón;24890;994,57;25;27504;994,57;27,7;84,4;92,3;93,2;95,1
Coronel de Marina Leonardo Rosales;62152;5831,5;10,7;67503;1622,6;41,6;76,4;70,5;72,7;97,6
Coronel Dorrego;15825;1622,6;9,8;15968;5831,5;2,7;94,8;94,1;93,8;75
Coronel Pringles;22933;5257,14;4,4;24420;5257,14;4,6;79,9;86,6;88,4;89,4
Coronel Suárez;38320;6006,83;6,4;42110;6006,83;7;77,8;80,5;80,6;89,7
Daireaux;16889;3827,47;4,4;18422;3827,47;4,8;66,9;68,9;71,8;88,8
Dolores;27042;1973,14;13,7;32032;1973,14;16,2;90,8;95,7;95,9;96,7
Ensenada;56729;99,93;567,7;63997;99,93;640,6;99,5;99,8;99,5;100
Escobar;213619;303,75;703,3;256268;303,75;843,5;94,9;97,2;99,3;99,5
Esteban Echeverría;300959;120,22;2503,4;338480;120,22;2816;99,3;99,7;99,9;100
Exaltación de la Cruz;29805;634,17;47;40159;634,17;63,3;56,8;75,1;82;92,4
Ezeiza;163722;236,81;691,4;201511;236,81;851;///;99,4;99,2;100
Florencio Varela;426005;189,9;2243,3;496433;189,9;2614,2;97,9;97,9;100;100
Florentino Ameghino;8869;1808,55;4,9;10790;1808,55;6;69,1;76,1;81,5;84,6
General Alvarado;39594;1614,35;24,5;45526;1614,35;28,2;82,9;88,1;91,1;91,3
General Alvear;11130;3384,08;3,3;13031;3384,08;3,9;78,5;87,6;88,2;90,7
General Arenales;14903;1482,64;10,1;16350;1482,64;11;67,9;73,1;90;94,4
General Belgrano;17365;1843,21;9,4;20791;1843,21;11,3;83,5;87,9;88,6;92,2
General Guido;2816;2329,91;1,2;3174;2329,91;1,4;-;-;-;0
General Juan Madariaga;19747;2978,29;6,6;22624;2978,37;7,6;87;91,7;91,6;95,1
General La Madrid;10783;4811,37;2,2;11618;4811,37;2,4;65,3;72,1;74,9;81,5
General Las Heras;14889;720,1;20,7;18022;720,1;25;71,1;76,1;76,1;78,7
General Lavalle;3700;2598,73;1,4;4870;2598,73;1,9;-;5,3;-;50,5
General Paz;11202;1197,46;9,4;14207;1197,46;11,9;66,3;71,1;70,7;75,5
General Pinto;11261;2541,44;4,4;12941;2541,44;5,1;49,2;55,3;58,2;62,3
General Pueyrredón;618989;1460,74;423,8;667082;1460,74;456,7;97,4;97,8;98,9;99,2
General Rodríguez;87185;360,14;242,1;142709;360,14;396,3;86,6;93,2;97,9;99,1
General San Martín;414196;55,75;7429,5;450575;55,75;8074,8;100;100;100;100
General Viamonte;18078;2145,28;8,4;22649;2145,28;10,6;68,7;76,3;80,2;91,4
General Villegas;30864;7232,8;4,3;35251;7232,8;4,9;47,6;56,2;66,2;78,8
Guaminí;11826;4826,84;2,5;11801;4826,84;2,4;55,1;60,5;61,7;67,6
Hipólito Yrigoyen;9585;1629,01;5,9;10661;1629,01;6,5;86,2;89,1;90,2;92,4
Hurlingham;181241;35,43;5115,5;185641;35,43;5244,1;100;100;100;100
Ituzaingó;167824;38,24;4388,7;180232;38,24;4718,1;100;100;100;100
José C. Paz;265981;50,16;5302,7;326992;50,16;6513,8;100;100;100;100
Junín;90305;2253,2;40,1;103787;2253,2;46,1;89;93;96,9;94,5
La Costa;69633;252,63;275,6;100689;252,63;398,6;95,5;99,4;99,7;99,3
La Matanza;1775816;329,22;5394;1841247;329,22;5593,1;99,9;99,9;100;100
La Plata;654324;942,23;694,4;768470;942,23;815,6;96,4;98,3;98,6;99,9
Lanús;459263;48,35;9498,7;461267;48,35;9530,3;100;100;100;100
Laprida;10210;3454,98;3;11646;3454,98;3,4;79,7;84,5;86,6;81,1
Las Flores;23871;3340,27;7,1;27239;3340,27;8,2;85,2;88;89,9;92,4
Leandro N. Alem;16799;1603,49;10,5;17266;1603,49;10,8;79,6;86;87,5;90,9
Lezama;-;-;-;6221;1035,39;6;-;-;-;89,4
Lincoln;41808;5781,54;7,2;45506;5781,54;7,9;66,8;72,6;74,2;78,1
Lobería;17523;4755,67;3,7;18243;4755,67;3,8;61,9;71,7;74,2;78,5
Lobos;36172;1724,35;21;41760;1724,35;24,2;74,2;81,3;82,6;86,2
Lomas de Zamora;616279;87,3;7059,3;690323;87,3;7907,5;100;100;100;100
Luján;106273;777,13;136,8;111008;777,13;142,8;86,9;86,2;91,6;96
Magdalena;19301;1785,29;10,8;26830;1785,29;15;57,1;56;67,9;79
Maipú;10188;2601,65;3,9;11323;2601,65;4,4;80;87;87,2;88,6
Malvinas Argentinas;322375;63,09;5109,8;350674;63,09;5557,4;100;100;100;100
Mar Chiquita;21279;3096,68;6,9;33110;3096,68;10,7;77;80,5;81,1;83,1
Marcos Paz;54181;455,12;119;67011;455,12;147,2;86,4;90,2;93,1;95
Mercedes;63284;1049,47;60,3;72980;1049,47;69,5;85,9;86,8;88,7;94,7
Merlo;528494;173,13;3052,6;582486;173,13;3365;99,8;99,7;99,8;100
Monte;21034;1847,54;11,4;24868;1847,54;13,5;69,6;76,5;80,8;88,5
Monte Hermoso;6499;209;31,1;8465;209;40,5;97,5;96,3;97,7;92,9
Moreno;452505;186,13;2431,1;576632;186,13;3098,5;99,3;99,7;100;100
Morón;321109;55,66;5769,1;331183;55,66;5945,8;100;100;100;100
Navarro;17054;1617,56;10,5;19899;1617,56;12,3;64,4;73,2;77,5;83,7
Necochea;92933;4791,57;19,4;102110;4791,57;21,3;92,3;93;96,5;97,5
Olavarría;111708;7658,78;14,6;125751;7658,78;16,4;89,7;93,4;94,6;96,7
Patagones;30207;13569,71;2,2;37646;13569,71;2,8;71,8;78,4;82,9;90,9
Pehuajó;39776;4531,89;8,8;44783;4531,89;9,9;77,9;83,2;84,7;86,3
Pellegrini;5887;1820,17;3,2;7143;1820,17;3,9;78,9;83,4;86,9;87,4
Pergamino;104590;3010,19;34,7;115340;3010,19;38,3;83,8;86,2;87,4;88,9
Pila;3640;3452,99;1,1;4642;3452,99;1,3;-;62,8;68,7;77,9
Pilar;299077;383,01;780,9;394754;383,01;1030,7;93,3;97,5;99,2;100
Pinamar;25728;66,89;384,6;39449;66,89;589,7;99,3;99,6;98,7;100
Presidente Perón;81141;120,73;672,1;102106;120,73;845,9;///;99,2;99,6;100
Puán;15743;6370,92;2,5;16613;6370,92;2,6;67,1;61,8;65,4;70,8
Punta Indio;9888;1550,74;6,4;12297;1550,74;7,9;///;61,7;66,2;70,2
Quilmes;582943;91,49;6371,7;633391;91,49;6922,3;100;100;100;100
Ramallo;33042;951,51;34,7;39730;951,51;41,8;86,4;86,1;88,3;95,2
Rauch;15176;4315,26;3,5;16635;4315,26;3,9;73,9;79,6;83,7;89,7
Rivadavia;17143;3954,92;4,3;19849;3954,92;5;60,2;67,1;68,2;79,8
Rojas;23432;1978,87;11,8;25627;1978,87;13;75,8;81,9;84,4;86,3
Roque Pérez;12513;1572,22;8;13977;1572,22;8,9;62,6;76,6;82,8;88,3
Saavedra;20749;3541,48;5,9;22537;3541,48;6,4;76,6;80,8;80,3;83,9
Saladillo;32103;2685,18;12;35656;2685,18;13,3;72,9;78,8;83,4;85,8
Salliqueló;8644;794;10,9;9427;794;11,9;93,6;86,6;88,1;90,5
Salto;32653;1611,08;20,3;39425;1611,08;24,5;50,3;81,6;84,1;86,7
San Andrés de Giles;23027;1132,04;20,3;26510;1132,04;23,4;62;66,9;70,5;73,3
San Antonio de Areco;23138;857,59;27;26897;857,59;31,4;81,7;83,3;85,4;85,8
San Cayetano;8399;2757,5;3;8994;2757,5;3,3;70,7;83,2;87,6;92,3
San Fernando;163240;877,08;186,1;171616;877,08;195,7;97,4;98;98,2;98,7
San Isidro;292878;51,44;5693,6;297282;51,44;5783,7;100;100;100;100
San Miguel;276190;82,8;3335,6;328835;82,8;3971,4;100;100;100;100
San Nicolás;145857;652,26;223,6;167824;652,26;257,3;97,1;98,2;98,4;98,8
San Pedro;59036;1319,3;44,7;68613;1319,3;52;84,2;85,3;88,8;94
San Vicente;59478;656,27;90,6;98215;656,27;149,6;95;92,1;97,8;96,8
Suipacha;10081;943,87;10,7;11786;943,87;12,5;73,5;80,3;83,4;81,9
Tandil;123871;4836,53;25,6;145575;4836,53;30,1;90;93,4;94,4;95,8
Tapalqué;9178;4149,24;2,2;10783;4149,24;2,6;70,5;79,6;81,1;88
Tigre;376381;304,35;1236,7;446949;304,35;1468,3;98,8;98,3;98,5;98,4
Tordillo;1764;1295,61;1,4;2542;1295,61;2;-;-;-;86,6
Tornquist;12723;4149,33;3,1;14810;4149,33;3,6;52,5;51,6;67,9;69,6
Trenque Lauquen;43021;5509,19;7,8;49309;5509,19;9;83,5;87;88,8;92,2
Tres Arroyos;57110;5962,88;9,6;62426;5962,88;10,5;83,1;84,1;89,3;91,8
Tres de Febrero;340071;43,04;7901,3;364176;43,04;8469,2;100;100;100;100
Tres Lomas;8700;1262,45;6,9;9164;1262,45;7,3;84,5;89,9;92,7;92,5
Vicente López;269420;33,77;7978,1;282281;33,77;8351,5;100;100;100;100
Villa Gesell;31730;165,45;191,8;37463;165,37;226,5;97,1;95,8;77,9;99,9
Villarino;31014;10099,85;3,1;32717;10099,85;3,2;51,7;71,2;75,9;90,6
Zárate;114269;1188,85;96,1;132221;1188,85;111,2;94,8;93,9;95,2;98
